{"cameraMode":{"drawMode":0,"name":"Shaded","section":"Shading Mode"},"sceneLighting":true,"audioPlay":false,"sceneViewState":{"showFog":true,"showMaterialUpdate":false,"showSkybox":true,"showFlares":true,"showImageEffects":true,"showParticleSystems":true},"in2DMode":false,"pivot":{"x":19.6965274810791,"y":36.65899658203125,"z":242.15841674804688},"rotation":{"x":-0.019497163593769075,"y":-0.013497007079422474,"z":0.0002632398100104183,"w":-0.9997187852859497},"size":1063.0679931640625,"orthographic":false}